{"version": "1", "message": "ERROR: Hidden Testcases server unreachable.", "problem_id": "ads2_m6_a1_1", "user_id": "akshitha111", "score": {"sample": {"0": {"execution_time": 0.4340682029724121, "passed": false}, "1": {"execution_time": 0.43212199211120605, "passed": false}, "2": {"execution_time": 0.3850529193878174, "passed": false}, "3": {"execution_time": 0.40606021881103516, "passed": false}, "4": {"execution_time": 0.5310530662536621, "passed": false}, "5": {"execution_time": 0.5104176998138428, "passed": false}, "6": {"execution_time": 0.40971827507019043, "passed": false}, "7": {"execution_time": 0.42286229133605957, "passed": false}, "8": {"execution_time": 0.39670562744140625, "passed": false}, "9": {"execution_time": 0.47014546394348145, "passed": false}, "10": {"execution_time": 0.43977880477905273, "passed": false}, "11": {"execution_time": 0.6092679500579834, "passed": false}}}, "check_style_score": "0/1"}