{"version": "1", "message": "ERROR: Hidden Testcases server unreachable.", "problem_id": "ads2_m6_a1_1", "user_id": "akshitha111", "score": {"sample": {"0": {"execution_time": 0.39193296432495117, "passed": false}, "1": {"execution_time": 0.2896277904510498, "passed": false}, "2": {"execution_time": 0.3116757869720459, "passed": false}, "3": {"execution_time": 0.43160390853881836, "passed": false}, "4": {"execution_time": 0.30475592613220215, "passed": false}, "5": {"execution_time": 0.2794454097747803, "passed": true}, "6": {"execution_time": 0.2703871726989746, "passed": true}, "7": {"execution_time": 0.25747227668762207, "passed": false}, "8": {"execution_time": 0.2590935230255127, "passed": true}, "9": {"execution_time": 0.29996299743652344, "passed": false}, "10": {"execution_time": 0.2679762840270996, "passed": true}, "11": {"execution_time": 0.2701716423034668, "passed": false}}}, "check_style_score": "0/1"}