{"version": "1", "message": "ERROR: Hidden Testcases server unreachable.", "problem_id": "ads2_m6_a1_1", "user_id": "akshitha111", "score": {"sample": {"0": {"execution_time": 0.23830533027648926, "passed": false}, "1": {"execution_time": 0.22079157829284668, "passed": false}, "2": {"execution_time": 0.2207026481628418, "passed": false}, "3": {"execution_time": 0.26376819610595703, "passed": false}, "4": {"execution_time": 0.2283036708831787, "passed": false}, "5": {"execution_time": 0.21921944618225098, "passed": false}, "6": {"execution_time": 0.28653621673583984, "passed": false}, "7": {"execution_time": 0.31299853324890137, "passed": false}, "8": {"execution_time": 0.21746277809143066, "passed": false}, "9": {"execution_time": 0.20733070373535156, "passed": false}, "10": {"execution_time": 0.21642518043518066, "passed": false}, "11": {"execution_time": 0.22866368293762207, "passed": false}}}, "check_style_score": "0/1"}