{"version": "1", "message": "ERROR: Hidden Testcases server unreachable.", "problem_id": "ads2_m2_a1_1", "user_id": "akshitha111", "score": {"sample": {"0": {"execution_time": 0.40370893478393555, "passed": true}, "1": {"execution_time": 0.24506211280822754, "passed": true}, "2": {"execution_time": 0.30048465728759766, "passed": true}, "3": {"execution_time": 0.29070210456848145, "passed": true}, "4": {"execution_time": 0.33536314964294434, "passed": true}, "5": {"execution_time": 0.25773096084594727, "passed": true}, "6": {"execution_time": 0.4017024040222168, "passed": true}, "7": {"execution_time": 0.33435821533203125, "passed": true}, "8": {"execution_time": 0.2965676784515381, "passed": true}, "9": {"execution_time": 0.43811559677124023, "passed": true}, "10": {"execution_time": 0.3970508575439453, "passed": true}, "11": {"execution_time": 0.30715298652648926, "passed": true}, "12": {"execution_time": 0.3862287998199463, "passed": true}, "13": {"execution_time": 0.3617870807647705, "passed": true}, "14": {"execution_time": 0.3889803886413574, "passed": true}, "15": {"execution_time": 0.4490501880645752, "passed": true}, "16": {"execution_time": 0.46226954460144043, "passed": true}, "17": {"execution_time": 0.6135158538818359, "passed": true}, "18": {"execution_time": 0.5295286178588867, "passed": true}, "19": {"execution_time": 0.40774011611938477, "passed": true}, "20": {"execution_time": 0.5083203315734863, "passed": true}, "21": {"execution_time": 0.4084153175354004, "passed": true}, "22": {"execution_time": 0.49825215339660645, "passed": true}, "23": {"execution_time": 0.6442618370056152, "passed": true}}}, "check_style_score": "1/1"}