{"version": "1", "message": "ERROR: Hidden Testcases server unreachable.", "problem_id": "ads2_m2_a1_1", "user_id": "akshitha111", "score": {"sample": {"0": {"execution_time": 0.2167818546295166, "passed": false}, "1": {"execution_time": 0.19222712516784668, "passed": false}, "2": {"execution_time": 0.19613218307495117, "passed": true}, "3": {"execution_time": 0.22005248069763184, "passed": false}, "4": {"execution_time": 0.22386574745178223, "passed": true}, "5": {"execution_time": 0.16249895095825195, "passed": false}, "6": {"execution_time": 0.21505475044250488, "passed": true}, "7": {"execution_time": 0.1685810089111328, "passed": true}, "8": {"execution_time": 0.18252849578857422, "passed": true}, "9": {"execution_time": 0.19790005683898926, "passed": true}, "10": {"execution_time": 0.17978143692016602, "passed": true}, "11": {"execution_time": 0.21798348426818848, "passed": true}, "12": {"execution_time": 0.17828631401062012, "passed": true}, "13": {"execution_time": 0.21775269508361816, "passed": false}, "14": {"execution_time": 0.23464274406433105, "passed": true}, "15": {"execution_time": 0.2017040252685547, "passed": false}, "16": {"execution_time": 0.26368188858032227, "passed": true}, "17": {"execution_time": 0.2848801612854004, "passed": true}, "18": {"execution_time": 0.2354140281677246, "passed": true}, "19": {"execution_time": 0.21211934089660645, "passed": true}, "20": {"execution_time": 0.2429952621459961, "passed": true}, "21": {"execution_time": 0.1986706256866455, "passed": true}, "22": {"execution_time": 0.5091090202331543, "passed": true}, "23": {"execution_time": 0.5173060894012451, "passed": true}}}, "check_style_score": "0/1"}