{"version": "1", "message": "ERROR: Hidden Testcases server unreachable.", "problem_id": "ads2_m2_a1_1", "user_id": "akshitha111", "score": {"sample": {"0": {"execution_time": 0.4841902256011963, "passed": false}, "1": {"execution_time": 0.18368840217590332, "passed": false}, "2": {"execution_time": 0.23981380462646484, "passed": true}, "3": {"execution_time": 0.21482372283935547, "passed": false}, "4": {"execution_time": 0.18397188186645508, "passed": false}, "5": {"execution_time": 0.23792004585266113, "passed": false}, "6": {"execution_time": 0.2206277847290039, "passed": false}, "7": {"execution_time": 0.1664266586303711, "passed": false}, "8": {"execution_time": 0.18378019332885742, "passed": false}, "9": {"execution_time": 0.2235856056213379, "passed": false}, "10": {"execution_time": 0.21559906005859375, "passed": false}, "11": {"execution_time": 0.22940659523010254, "passed": false}, "12": {"execution_time": 0.23067736625671387, "passed": false}, "13": {"execution_time": 0.18155622482299805, "passed": false}, "14": {"execution_time": 0.22611474990844727, "passed": false}, "15": {"execution_time": 0.24045443534851074, "passed": false}, "16": {"execution_time": 0.2914748191833496, "passed": false}, "17": {"execution_time": 0.16548418998718262, "passed": false}, "18": {"execution_time": 0.21398019790649414, "passed": false}, "19": {"execution_time": 0.18252110481262207, "passed": false}, "20": {"execution_time": 0.1824655532836914, "passed": false}, "21": {"execution_time": 0.18163323402404785, "passed": false}, "22": {"execution_time": 0.23019623756408691, "passed": false}, "23": {"execution_time": 0.1706557273864746, "passed": false}}}, "check_style_score": "0/1"}