{"version": "1", "message": "ERROR: Hidden Testcases server unreachable.", "problem_id": "ads2_m2_a1_1", "user_id": "akshitha111", "score": {"sample": {"0": {"execution_time": 0.4425692558288574, "passed": true}, "1": {"execution_time": 0.34362077713012695, "passed": true}, "2": {"execution_time": 0.3004910945892334, "passed": true}, "3": {"execution_time": 0.3087761402130127, "passed": true}, "4": {"execution_time": 0.26960277557373047, "passed": true}, "5": {"execution_time": 0.3757452964782715, "passed": true}, "6": {"execution_time": 0.23079299926757812, "passed": true}, "7": {"execution_time": 0.46271181106567383, "passed": true}, "8": {"execution_time": 0.3932502269744873, "passed": true}, "9": {"execution_time": 0.31481170654296875, "passed": true}, "10": {"execution_time": 0.3617887496948242, "passed": true}, "11": {"execution_time": 0.35255908966064453, "passed": true}, "12": {"execution_time": 0.42407917976379395, "passed": true}, "13": {"execution_time": 0.40840744972229004, "passed": true}, "14": {"execution_time": 0.30165743827819824, "passed": true}, "15": {"execution_time": 0.45856285095214844, "passed": true}, "16": {"execution_time": 0.27547335624694824, "passed": true}, "17": {"execution_time": 0.5206093788146973, "passed": true}, "18": {"execution_time": 0.41190481185913086, "passed": true}, "19": {"execution_time": 0.37895679473876953, "passed": true}, "20": {"execution_time": 0.44040751457214355, "passed": true}, "21": {"execution_time": 0.3925299644470215, "passed": true}, "22": {"execution_time": 0.47731471061706543, "passed": true}, "23": {"execution_time": 0.4857006072998047, "passed": true}}}, "check_style_score": "1/1"}