{"version": "1", "message": "ERROR: Hidden Testcases server unreachable.", "problem_id": "ads2_m2_a1_1", "user_id": "akshitha111", "score": {"sample": {"0": {"execution_time": 0.5382046699523926, "passed": true}, "1": {"execution_time": 0.46565890312194824, "passed": true}, "2": {"execution_time": 0.4073317050933838, "passed": true}, "3": {"execution_time": 0.426311731338501, "passed": true}, "4": {"execution_time": 0.4419832229614258, "passed": true}, "5": {"execution_time": 0.3295474052429199, "passed": true}, "6": {"execution_time": 0.4151296615600586, "passed": true}, "7": {"execution_time": 0.40166735649108887, "passed": true}, "8": {"execution_time": 0.4096856117248535, "passed": true}, "9": {"execution_time": 0.3411285877227783, "passed": true}, "10": {"execution_time": 0.46346235275268555, "passed": true}, "11": {"execution_time": 0.2827301025390625, "passed": true}, "12": {"execution_time": 0.3872089385986328, "passed": true}, "13": {"execution_time": 0.34074950218200684, "passed": true}, "14": {"execution_time": 0.3917839527130127, "passed": true}, "15": {"execution_time": 0.3983433246612549, "passed": true}, "16": {"execution_time": 0.43505406379699707, "passed": true}, "17": {"execution_time": 0.2872045040130615, "passed": true}, "18": {"execution_time": 0.48734092712402344, "passed": true}, "19": {"execution_time": 0.4160022735595703, "passed": true}, "20": {"execution_time": 0.4746105670928955, "passed": true}, "21": {"execution_time": 0.41103506088256836, "passed": true}, "22": {"execution_time": 0.39418745040893555, "passed": true}, "23": {"execution_time": 0.4059183597564697, "passed": true}}}, "check_style_score": "1/1"}