{"version": "1", "message": "ERROR: Hidden Testcases server unreachable.", "problem_id": "ads2_m2_a1_1", "user_id": "akshitha111", "score": {"sample": {"0": {"execution_time": 0.31064629554748535, "passed": false}, "1": {"execution_time": 0.39180612564086914, "passed": false}, "2": {"execution_time": 0.408963680267334, "passed": true}, "3": {"execution_time": 0.3450586795806885, "passed": false}, "4": {"execution_time": 0.22323036193847656, "passed": true}, "5": {"execution_time": 0.4140279293060303, "passed": false}, "6": {"execution_time": 0.26601529121398926, "passed": true}, "7": {"execution_time": 0.41439270973205566, "passed": true}, "8": {"execution_time": 0.252394437789917, "passed": true}, "9": {"execution_time": 0.3331139087677002, "passed": true}, "10": {"execution_time": 0.28714776039123535, "passed": true}, "11": {"execution_time": 0.38823437690734863, "passed": true}, "12": {"execution_time": 0.29806017875671387, "passed": true}, "13": {"execution_time": 0.3426249027252197, "passed": false}, "14": {"execution_time": 0.43239855766296387, "passed": true}, "15": {"execution_time": 0.3516697883605957, "passed": false}, "16": {"execution_time": 0.3211669921875, "passed": true}, "17": {"execution_time": 0.4115118980407715, "passed": true}, "18": {"execution_time": 0.3551497459411621, "passed": true}, "19": {"execution_time": 0.3662455081939697, "passed": true}, "20": {"execution_time": 0.4380307197570801, "passed": true}, "21": {"execution_time": 0.3513946533203125, "passed": true}, "22": {"execution_time": 0.4337739944458008, "passed": true}, "23": {"execution_time": 0.4607417583465576, "passed": true}}}, "check_style_score": "0/1"}