{"version": "1", "message": "ERROR: Hidden Testcases server unreachable.", "problem_id": "ads2_m2_a1_1", "user_id": "akshitha111", "score": {"sample": {"0": {"execution_time": 0.31250476837158203, "passed": false}, "1": {"execution_time": 0.4453434944152832, "passed": false}, "2": {"execution_time": 0.2813284397125244, "passed": true}, "3": {"execution_time": 0.31825685501098633, "passed": false}, "4": {"execution_time": 0.35222363471984863, "passed": true}, "5": {"execution_time": 0.36423158645629883, "passed": false}, "6": {"execution_time": 0.33463406562805176, "passed": true}, "7": {"execution_time": 0.35890722274780273, "passed": true}, "8": {"execution_time": 0.3572719097137451, "passed": true}, "9": {"execution_time": 0.36310863494873047, "passed": true}, "10": {"execution_time": 0.32503342628479004, "passed": true}, "11": {"execution_time": 0.35610389709472656, "passed": true}, "12": {"execution_time": 0.3602478504180908, "passed": true}, "13": {"execution_time": 0.41490912437438965, "passed": false}, "14": {"execution_time": 0.3286709785461426, "passed": true}, "15": {"execution_time": 0.37799644470214844, "passed": false}, "16": {"execution_time": 0.4426102638244629, "passed": true}, "17": {"execution_time": 0.4787724018096924, "passed": true}, "18": {"execution_time": 0.34934282302856445, "passed": true}, "19": {"execution_time": 0.3036341667175293, "passed": true}, "20": {"execution_time": 0.4186985492706299, "passed": true}, "21": {"execution_time": 0.36106395721435547, "passed": true}, "22": {"execution_time": 0.4076666831970215, "passed": true}, "23": {"execution_time": 0.4520089626312256, "passed": true}}}, "check_style_score": "0/1"}