{"version": "1", "message": "ERROR: Hidden Testcases server unreachable.", "problem_id": "ads2_m2_a1_1", "user_id": "akshitha111", "score": {"sample": {"0": {"execution_time": 0.4834928512573242, "passed": true}, "1": {"execution_time": 0.47431397438049316, "passed": true}, "2": {"execution_time": 0.40749597549438477, "passed": true}, "3": {"execution_time": 0.44843602180480957, "passed": true}, "4": {"execution_time": 0.36882877349853516, "passed": true}, "5": {"execution_time": 0.28748369216918945, "passed": true}, "6": {"execution_time": 0.3775608539581299, "passed": true}, "7": {"execution_time": 0.341949462890625, "passed": true}, "8": {"execution_time": 0.590482234954834, "passed": true}, "9": {"execution_time": 0.437924861907959, "passed": true}, "10": {"execution_time": 0.29105162620544434, "passed": true}, "11": {"execution_time": 0.3123471736907959, "passed": true}, "12": {"execution_time": 0.4121382236480713, "passed": true}, "13": {"execution_time": 0.3883068561553955, "passed": true}, "14": {"execution_time": 0.2997274398803711, "passed": true}, "15": {"execution_time": 0.5034403800964355, "passed": true}, "16": {"execution_time": 0.2579836845397949, "passed": true}, "17": {"execution_time": 0.6038970947265625, "passed": true}, "18": {"execution_time": 0.6792497634887695, "passed": true}, "19": {"execution_time": 0.6114096641540527, "passed": true}, "20": {"execution_time": 0.4614288806915283, "passed": true}, "21": {"execution_time": 0.3530459403991699, "passed": true}, "22": {"execution_time": 0.37114715576171875, "passed": true}, "23": {"execution_time": 0.39996981620788574, "passed": true}}}, "check_style_score": "1/1"}