{"version": "1", "message": "ERROR: Hidden Testcases server unreachable.", "problem_id": "ads2_m4_a1_1", "user_id": "akshitha111", "score": {"sample": {"0": {"execution_time": 0.48102712631225586, "passed": true}, "1": {"execution_time": 0.32947206497192383, "passed": false}, "2": {"execution_time": 0.40595459938049316, "passed": false}, "3": {"execution_time": 0.42815303802490234, "passed": false}, "4": {"execution_time": 0.3238852024078369, "passed": false}, "5": {"execution_time": 0.3700728416442871, "passed": false}, "6": {"execution_time": 0.32253122329711914, "passed": false}, "7": {"execution_time": 0.3679640293121338, "passed": false}, "8": {"execution_time": 0.4563419818878174, "passed": true}, "9": {"execution_time": 0.36200737953186035, "passed": true}, "10": {"execution_time": 0.4523594379425049, "passed": true}, "11": {"execution_time": 0.42278575897216797, "passed": true}, "12": {"execution_time": 0.43295931816101074, "passed": true}, "13": {"execution_time": 0.3682076930999756, "passed": false}, "14": {"execution_time": 0.38007164001464844, "passed": true}}}, "check_style_score": "0/1"}