{"version": "1", "message": "ERROR: Hidden Testcases server unreachable.", "problem_id": "ads2_m4_a1_1", "user_id": "akshitha111", "score": {"sample": {"0": {"execution_time": 0.6048696041107178, "passed": true}, "1": {"execution_time": 0.5296797752380371, "passed": true}, "2": {"execution_time": 0.5259203910827637, "passed": true}, "3": {"execution_time": 0.5722761154174805, "passed": true}, "4": {"execution_time": 0.45819878578186035, "passed": true}, "5": {"execution_time": 0.42425036430358887, "passed": true}, "6": {"execution_time": 0.5863199234008789, "passed": true}, "7": {"execution_time": 0.4385256767272949, "passed": true}, "8": {"execution_time": 0.48256754875183105, "passed": true}, "9": {"execution_time": 0.5209064483642578, "passed": true}, "10": {"execution_time": 0.5836935043334961, "passed": true}, "11": {"execution_time": 0.3957064151763916, "passed": true}, "12": {"execution_time": 0.5263433456420898, "passed": true}, "13": {"execution_time": 1.1849353313446045, "passed": true}, "14": {"execution_time": 0.49115610122680664, "passed": true}}}, "check_style_score": "0/1"}