{"version": "1", "message": "ERROR: Hidden Testcases server unreachable.", "problem_id": "ads2_m4_a1_1", "user_id": "akshitha111", "score": {"sample": {"0": {"execution_time": 0.5517561435699463, "passed": true}, "1": {"execution_time": 0.2332019805908203, "passed": false}, "2": {"execution_time": 0.4907257556915283, "passed": false}, "3": {"execution_time": 0.3682253360748291, "passed": false}, "4": {"execution_time": 0.4365537166595459, "passed": false}, "5": {"execution_time": 0.4317488670349121, "passed": false}, "6": {"execution_time": 0.44801878929138184, "passed": false}, "7": {"execution_time": 0.411207914352417, "passed": false}, "8": {"execution_time": 0.574592113494873, "passed": true}, "9": {"execution_time": 0.5910406112670898, "passed": false}, "10": {"execution_time": 0.4326972961425781, "passed": false}, "11": {"execution_time": 0.3901057243347168, "passed": false}, "12": {"execution_time": 0.49555206298828125, "passed": false}, "13": {"execution_time": 0.38978123664855957, "passed": false}, "14": {"execution_time": 0.6823127269744873, "passed": false}}}, "check_style_score": "0/1"}