{"version": "1", "message": "ERROR: Hidden Testcases server unreachable.", "problem_id": "ads2_m4_a1_1", "user_id": "akshitha111", "score": {"sample": {"0": {"execution_time": 0.620250940322876, "passed": false}, "1": {"execution_time": 0.4218275547027588, "passed": false}, "2": {"execution_time": 0.37941575050354004, "passed": false}, "3": {"execution_time": 0.4081411361694336, "passed": false}, "4": {"execution_time": 0.45035886764526367, "passed": false}, "5": {"execution_time": 0.40354132652282715, "passed": false}, "6": {"execution_time": 0.4640045166015625, "passed": false}, "7": {"execution_time": 0.3902628421783447, "passed": false}, "8": {"execution_time": 0.4393186569213867, "passed": false}, "9": {"execution_time": 0.6726710796356201, "passed": false}, "10": {"execution_time": 0.39330410957336426, "passed": false}, "11": {"execution_time": 0.45679330825805664, "passed": true}, "12": {"execution_time": 0.5385787487030029, "passed": true}, "13": {"execution_time": 0.4979422092437744, "passed": false}, "14": {"execution_time": 0.29494714736938477, "passed": false}}}, "check_style_score": "0/1"}