{"version": "1", "message": "ERROR: Hidden Testcases server unreachable.", "problem_id": "ads2_m4_a1_1", "user_id": "akshitha111", "score": {"sample": {"0": {"execution_time": 0.426314115524292, "passed": false}, "1": {"execution_time": 0.411252498626709, "passed": false}, "2": {"execution_time": 0.44440746307373047, "passed": false}, "3": {"execution_time": 0.32068943977355957, "passed": false}, "4": {"execution_time": 0.3789248466491699, "passed": false}, "5": {"execution_time": 0.3415205478668213, "passed": false}, "6": {"execution_time": 0.391801118850708, "passed": false}, "7": {"execution_time": 0.3059201240539551, "passed": false}, "8": {"execution_time": 0.47585082054138184, "passed": false}, "9": {"execution_time": 0.3578629493713379, "passed": false}, "10": {"execution_time": 0.4371984004974365, "passed": false}, "11": {"execution_time": 0.2787516117095947, "passed": false}, "12": {"execution_time": 0.2899293899536133, "passed": false}, "13": {"execution_time": 0.32941770553588867, "passed": false}, "14": {"execution_time": 0.38632726669311523, "passed": false}}}, "check_style_score": "0/1"}