{"version": "1", "message": "ERROR: Hidden Testcases server unreachable.", "problem_id": "ads2_m4_a1_1", "user_id": "akshitha111", "score": {"sample": {"0": {"execution_time": 0.44966745376586914, "passed": true}, "1": {"execution_time": 0.4380378723144531, "passed": true}, "2": {"execution_time": 0.5064566135406494, "passed": true}, "3": {"execution_time": 0.568028450012207, "passed": true}, "4": {"execution_time": 0.42937779426574707, "passed": true}, "5": {"execution_time": 0.5660419464111328, "passed": true}, "6": {"execution_time": 0.4819514751434326, "passed": true}, "7": {"execution_time": 0.4450850486755371, "passed": true}, "8": {"execution_time": 0.5773830413818359, "passed": true}, "9": {"execution_time": 0.3763236999511719, "passed": true}, "10": {"execution_time": 0.43846678733825684, "passed": true}, "11": {"execution_time": 0.4584465026855469, "passed": true}, "12": {"execution_time": 0.40266966819763184, "passed": true}, "13": {"execution_time": 1.1564397811889648, "passed": true}, "14": {"execution_time": 0.5030176639556885, "passed": true}}}, "check_style_score": "0/1"}