{"version": "1", "message": "ERROR: Hidden Testcases server unreachable.", "problem_id": "ads2_m4_a1_1", "user_id": "akshitha111", "score": {"sample": {"0": {"execution_time": 0.5651760101318359, "passed": true}, "1": {"execution_time": 0.46604442596435547, "passed": false}, "2": {"execution_time": 0.42376184463500977, "passed": false}, "3": {"execution_time": 0.3096284866333008, "passed": false}, "4": {"execution_time": 0.39050817489624023, "passed": false}, "5": {"execution_time": 0.4529702663421631, "passed": false}, "6": {"execution_time": 0.44069933891296387, "passed": false}, "7": {"execution_time": 0.4199838638305664, "passed": false}, "8": {"execution_time": 0.5443549156188965, "passed": false}, "9": {"execution_time": 0.4803190231323242, "passed": false}, "10": {"execution_time": 0.2971372604370117, "passed": false}, "11": {"execution_time": 0.3521444797515869, "passed": false}, "12": {"execution_time": 0.42960667610168457, "passed": false}, "13": {"execution_time": 0.435896635055542, "passed": false}, "14": {"execution_time": 0.3846135139465332, "passed": false}}}, "check_style_score": "0/1"}