{"version": "1", "message": "ERROR: Hidden Testcases server unreachable.", "problem_id": "ads2_m4_a1_1", "user_id": "akshitha111", "score": {"sample": {"0": {"execution_time": 0.40387582778930664, "passed": true}, "1": {"execution_time": 0.30208611488342285, "passed": false}, "2": {"execution_time": 0.4551725387573242, "passed": false}, "3": {"execution_time": 0.4399433135986328, "passed": false}, "4": {"execution_time": 0.3862340450286865, "passed": false}, "5": {"execution_time": 0.33959293365478516, "passed": false}, "6": {"execution_time": 0.32938504219055176, "passed": false}, "7": {"execution_time": 0.3031740188598633, "passed": false}, "8": {"execution_time": 0.4643082618713379, "passed": false}, "9": {"execution_time": 0.36127758026123047, "passed": false}, "10": {"execution_time": 0.485029935836792, "passed": false}, "11": {"execution_time": 0.35656285285949707, "passed": false}, "12": {"execution_time": 0.32760047912597656, "passed": false}, "13": {"execution_time": 0.4183337688446045, "passed": false}, "14": {"execution_time": 0.4456937313079834, "passed": false}}}, "check_style_score": "0/1"}