{"version": "1", "message": "ERROR: Hidden Testcases server unreachable.", "problem_id": "ads2_m4_a1_1", "user_id": "akshitha111", "score": {"sample": {"0": {"execution_time": 0.369793176651001, "passed": false}, "1": {"execution_time": 0.5149126052856445, "passed": false}, "2": {"execution_time": 0.39121198654174805, "passed": false}, "3": {"execution_time": 0.384127140045166, "passed": false}, "4": {"execution_time": 0.47724366188049316, "passed": false}, "5": {"execution_time": 0.45485663414001465, "passed": false}, "6": {"execution_time": 0.32397937774658203, "passed": false}, "7": {"execution_time": 0.4062466621398926, "passed": false}, "8": {"execution_time": 0.48809075355529785, "passed": false}, "9": {"execution_time": 0.4323287010192871, "passed": false}, "10": {"execution_time": 0.4956245422363281, "passed": false}, "11": {"execution_time": 0.32351255416870117, "passed": false}, "12": {"execution_time": 0.3468906879425049, "passed": false}, "13": {"execution_time": 0.33031725883483887, "passed": false}, "14": {"execution_time": 0.41158175468444824, "passed": false}}}, "check_style_score": "0/1"}