{"version": "1", "message": "ERROR: Hidden Testcases server unreachable.", "problem_id": "ads2_m4_a1_1", "user_id": "akshitha111", "score": {"sample": {"0": {"execution_time": 0.4879474639892578, "passed": false}, "1": {"execution_time": 0.4108004570007324, "passed": false}, "2": {"execution_time": 0.3126688003540039, "passed": false}, "3": {"execution_time": 0.26854920387268066, "passed": false}, "4": {"execution_time": 0.4278445243835449, "passed": false}, "5": {"execution_time": 0.32433533668518066, "passed": false}, "6": {"execution_time": 0.40740346908569336, "passed": false}, "7": {"execution_time": 0.43888306617736816, "passed": false}, "8": {"execution_time": 0.563746452331543, "passed": false}, "9": {"execution_time": 0.35808587074279785, "passed": false}, "10": {"execution_time": 0.3892555236816406, "passed": false}, "11": {"execution_time": 0.42941784858703613, "passed": false}, "12": {"execution_time": 0.42331886291503906, "passed": false}, "13": {"execution_time": 0.34497737884521484, "passed": false}, "14": {"execution_time": 0.40611934661865234, "passed": false}}}, "check_style_score": "0/1"}