{"version": "1", "message": "ERROR: Hidden Testcases server unreachable.", "problem_id": "ads2_m4_a1_1", "user_id": "akshitha111", "score": {"sample": {"0": {"execution_time": 0.6532058715820312, "passed": true}, "1": {"execution_time": 0.3926827907562256, "passed": true}, "2": {"execution_time": 0.416912317276001, "passed": true}, "3": {"execution_time": 0.47635602951049805, "passed": true}, "4": {"execution_time": 0.3646712303161621, "passed": true}, "5": {"execution_time": 0.6253747940063477, "passed": true}, "6": {"execution_time": 0.4936504364013672, "passed": true}, "7": {"execution_time": 0.5046207904815674, "passed": true}, "8": {"execution_time": 0.32882142066955566, "passed": true}, "9": {"execution_time": 0.46834897994995117, "passed": true}, "10": {"execution_time": 0.5465946197509766, "passed": true}, "11": {"execution_time": 0.4773852825164795, "passed": true}, "12": {"execution_time": 0.3590269088745117, "passed": true}, "13": {"execution_time": 1.1223297119140625, "passed": true}, "14": {"execution_time": 0.5129470825195312, "passed": true}}}, "check_style_score": "1/1"}