{"version": "1", "message": "ERROR: Hidden Testcases server unreachable.", "problem_id": "ads2_m4_a1_1", "user_id": "akshitha111", "score": {"sample": {"0": {"execution_time": 0.40573596954345703, "passed": true}, "1": {"execution_time": 0.4729297161102295, "passed": true}, "2": {"execution_time": 0.41572999954223633, "passed": true}, "3": {"execution_time": 0.5457127094268799, "passed": true}, "4": {"execution_time": 0.46721386909484863, "passed": true}, "5": {"execution_time": 0.4906759262084961, "passed": true}, "6": {"execution_time": 0.3788795471191406, "passed": true}, "7": {"execution_time": 0.39913392066955566, "passed": true}, "8": {"execution_time": 0.3415966033935547, "passed": true}, "9": {"execution_time": 0.44063377380371094, "passed": true}, "10": {"execution_time": 0.4207723140716553, "passed": true}, "11": {"execution_time": 0.5223610401153564, "passed": true}, "12": {"execution_time": 0.39530253410339355, "passed": true}, "13": {"execution_time": 1.1138381958007812, "passed": true}, "14": {"execution_time": 0.5117001533508301, "passed": true}}}, "check_style_score": "0/1"}