{"version": "1", "message": "ERROR: Hidden Testcases server unreachable.", "problem_id": "ads2_m4_a1_1", "user_id": "akshitha111", "score": {"sample": {"0": {"execution_time": 0.7862269878387451, "passed": true}, "1": {"execution_time": 0.5987887382507324, "passed": true}, "2": {"execution_time": 0.580925703048706, "passed": true}, "3": {"execution_time": 0.6269278526306152, "passed": true}, "4": {"execution_time": 0.5548639297485352, "passed": true}, "5": {"execution_time": 0.4496002197265625, "passed": true}, "6": {"execution_time": 0.4038279056549072, "passed": true}, "7": {"execution_time": 0.3564019203186035, "passed": true}, "8": {"execution_time": 0.5938043594360352, "passed": true}, "9": {"execution_time": 0.40874767303466797, "passed": true}, "10": {"execution_time": 0.5083036422729492, "passed": true}, "11": {"execution_time": 0.40476465225219727, "passed": true}, "12": {"execution_time": 0.3427271842956543, "passed": true}, "13": {"execution_time": 1.22035551071167, "passed": true}, "14": {"execution_time": 0.4933321475982666, "passed": true}}}, "check_style_score": "0/1"}