{"version": "1", "message": "ERROR: Hidden Testcases server unreachable.", "problem_id": "ads2_m4_a1_1", "user_id": "akshitha111", "score": {"sample": {"0": {"execution_time": 0.43246936798095703, "passed": true}, "1": {"execution_time": 0.391693115234375, "passed": true}, "2": {"execution_time": 0.43511295318603516, "passed": true}, "3": {"execution_time": 0.5306787490844727, "passed": true}, "4": {"execution_time": 0.5097813606262207, "passed": true}, "5": {"execution_time": 0.47490668296813965, "passed": true}, "6": {"execution_time": 0.5287902355194092, "passed": true}, "7": {"execution_time": 0.4832892417907715, "passed": true}, "8": {"execution_time": 0.39304113388061523, "passed": true}, "9": {"execution_time": 0.34595656394958496, "passed": true}, "10": {"execution_time": 0.39806413650512695, "passed": true}, "11": {"execution_time": 0.5547268390655518, "passed": true}, "12": {"execution_time": 0.3833303451538086, "passed": true}, "13": {"execution_time": 0.9859540462493896, "passed": true}, "14": {"execution_time": 0.31077027320861816, "passed": true}}}, "check_style_score": "0/1"}