{"version": "1", "message": "ERROR: Hidden Testcases server unreachable.", "problem_id": "ads2_m4_a1_1", "user_id": "akshitha111", "score": {"sample": {"0": {"execution_time": 0.5260646343231201, "passed": true}, "1": {"execution_time": 0.30118703842163086, "passed": false}, "2": {"execution_time": 0.3888263702392578, "passed": false}, "3": {"execution_time": 0.3084094524383545, "passed": false}, "4": {"execution_time": 0.384448766708374, "passed": false}, "5": {"execution_time": 0.316425085067749, "passed": false}, "6": {"execution_time": 0.27339720726013184, "passed": false}, "7": {"execution_time": 0.38654661178588867, "passed": false}, "8": {"execution_time": 0.41065120697021484, "passed": false}, "9": {"execution_time": 0.3770596981048584, "passed": false}, "10": {"execution_time": 0.5886802673339844, "passed": false}, "11": {"execution_time": 0.30892229080200195, "passed": false}, "12": {"execution_time": 0.4329030513763428, "passed": false}, "13": {"execution_time": 0.32065582275390625, "passed": false}, "14": {"execution_time": 0.3899803161621094, "passed": true}}}, "check_style_score": "0/1"}