{"version": "1", "message": "ERROR: Hidden Testcases server unreachable.", "problem_id": "ads2_m4_a1_1", "user_id": "akshitha111", "score": {"sample": {"0": {"execution_time": 0.49535608291625977, "passed": true}, "1": {"execution_time": 0.38626527786254883, "passed": false}, "2": {"execution_time": 0.43689584732055664, "passed": false}, "3": {"execution_time": 0.3448939323425293, "passed": false}, "4": {"execution_time": 0.275956392288208, "passed": false}, "5": {"execution_time": 0.40024566650390625, "passed": false}, "6": {"execution_time": 0.4437987804412842, "passed": false}, "7": {"execution_time": 0.3264737129211426, "passed": false}, "8": {"execution_time": 0.5078837871551514, "passed": false}, "9": {"execution_time": 0.526381254196167, "passed": false}, "10": {"execution_time": 0.5690896511077881, "passed": false}, "11": {"execution_time": 0.3112339973449707, "passed": false}, "12": {"execution_time": 0.4341895580291748, "passed": false}, "13": {"execution_time": 0.4133322238922119, "passed": false}, "14": {"execution_time": 0.5577890872955322, "passed": false}}}, "check_style_score": "0/1"}