{"version": "1", "message": "ERROR: Hidden Testcases server unreachable.", "problem_id": "ads2_m16_a1_1", "user_id": "akshitha111", "score": {"sample": {"0": {"execution_time": 0.276430606842041, "passed": true}, "1": {"execution_time": 0.25658583641052246, "passed": true}, "2": {"execution_time": 0.5556988716125488, "passed": true}, "3": {"execution_time": 0.5377228260040283, "passed": true}, "4": {"execution_time": 0.5693702697753906, "passed": true}, "5": {"execution_time": 0.6128523349761963, "passed": true}, "6": {"execution_time": 0.5855920314788818, "passed": true}, "7": {"execution_time": 0.5528273582458496, "passed": true}, "8": {"execution_time": 0.32375407218933105, "passed": true}, "9": {"execution_time": 0.5591726303100586, "passed": true}, "10": {"execution_time": 0.5411090850830078, "passed": true}, "11": {"execution_time": 3.658029079437256, "passed": true}, "12": {"execution_time": 0.584916353225708, "passed": true}, "13": {"execution_time": 0.3129756450653076, "passed": true}, "14": {"execution_time": 0.5526487827301025, "passed": true}, "15": {"execution_time": 0.617717981338501, "passed": true}, "16": {"execution_time": 0.3354794979095459, "passed": true}, "17": {"execution_time": 0.3230400085449219, "passed": true}, "18": {"execution_time": 0.333723783493042, "passed": true}, "19": {"execution_time": 0.3115081787109375, "passed": true}, "20": {"execution_time": 0.3266928195953369, "passed": true}, "21": {"execution_time": 0.2844583988189697, "passed": true}, "22": {"execution_time": 0.33292150497436523, "passed": true}, "23": {"execution_time": 0.30809879302978516, "passed": true}, "24": {"execution_time": 0.2560286521911621, "passed": true}, "25": {"execution_time": 0.6365272998809814, "passed": true}, "26": {"execution_time": 0.4987146854400635, "passed": true}, "27": {"execution_time": 0.5690634250640869, "passed": true}, "28": {"execution_time": 0.9066281318664551, "passed": true}, "29": {"execution_time": 0.2920999526977539, "passed": true}}}, "check_style_score": "0/1"}