{"version": "1", "message": "ERROR: Hidden Testcases server unreachable.", "problem_id": "ads2_m16_a1_1", "user_id": "akshitha111", "score": {"sample": {"0": {"execution_time": 0.34474897384643555, "passed": true}, "1": {"execution_time": 0.3042473793029785, "passed": true}, "2": {"execution_time": 0.6144533157348633, "passed": true}, "3": {"execution_time": 0.5729629993438721, "passed": true}, "4": {"execution_time": 0.5503368377685547, "passed": true}, "5": {"execution_time": 0.5548126697540283, "passed": true}, "6": {"execution_time": 0.5349507331848145, "passed": true}, "7": {"execution_time": 0.5484530925750732, "passed": true}, "8": {"execution_time": 0.3264737129211426, "passed": true}, "9": {"execution_time": 0.5369136333465576, "passed": true}, "10": {"execution_time": 0.5540025234222412, "passed": true}, "11": {"execution_time": 3.611687421798706, "passed": true}, "12": {"execution_time": 0.5853652954101562, "passed": true}, "13": {"execution_time": 0.30412888526916504, "passed": true}, "14": {"execution_time": 0.5537183284759521, "passed": true}, "15": {"execution_time": 0.5858883857727051, "passed": true}, "16": {"execution_time": 0.3276236057281494, "passed": true}, "17": {"execution_time": 0.31549549102783203, "passed": true}, "18": {"execution_time": 0.36839795112609863, "passed": true}, "19": {"execution_time": 0.31136608123779297, "passed": true}, "20": {"execution_time": 0.35100245475769043, "passed": true}, "21": {"execution_time": 0.3003363609313965, "passed": true}, "22": {"execution_time": 0.30236053466796875, "passed": true}, "23": {"execution_time": 0.32738780975341797, "passed": true}, "24": {"execution_time": 0.24293875694274902, "passed": true}, "25": {"execution_time": 0.6383135318756104, "passed": true}, "26": {"execution_time": 0.5555071830749512, "passed": true}, "27": {"execution_time": 0.5993623733520508, "passed": true}, "28": {"execution_time": 0.8840742111206055, "passed": true}, "29": {"execution_time": 0.25990986824035645, "passed": false}}}, "check_style_score": "0/1"}