{"version": "1", "message": "ERROR: Hidden Testcases server unreachable.", "problem_id": "ads2_m16_a1_1", "user_id": "akshitha111", "score": {"sample": {"0": {"execution_time": 0.3002145290374756, "passed": true}, "1": {"execution_time": 0.2712280750274658, "passed": true}, "2": {"execution_time": 0.524005651473999, "passed": true}, "3": {"execution_time": 0.6131408214569092, "passed": true}, "4": {"execution_time": 0.602816104888916, "passed": true}, "5": {"execution_time": 0.5852687358856201, "passed": true}, "6": {"execution_time": 0.5750613212585449, "passed": true}, "7": {"execution_time": 0.5847277641296387, "passed": true}, "8": {"execution_time": 0.30560874938964844, "passed": true}, "9": {"execution_time": 0.5490305423736572, "passed": true}, "10": {"execution_time": 0.5847012996673584, "passed": true}, "11": {"execution_time": 3.583885431289673, "passed": true}, "12": {"execution_time": 0.5848257541656494, "passed": true}, "13": {"execution_time": 0.27620410919189453, "passed": true}, "14": {"execution_time": 0.6507933139801025, "passed": true}, "15": {"execution_time": 0.5722405910491943, "passed": true}, "16": {"execution_time": 0.3062722682952881, "passed": true}, "17": {"execution_time": 0.27423715591430664, "passed": true}, "18": {"execution_time": 0.33640313148498535, "passed": true}, "19": {"execution_time": 0.3214585781097412, "passed": true}, "20": {"execution_time": 0.3516697883605957, "passed": true}, "21": {"execution_time": 0.29537129402160645, "passed": true}, "22": {"execution_time": 0.2943735122680664, "passed": true}, "23": {"execution_time": 0.3533592224121094, "passed": true}, "24": {"execution_time": 0.40990352630615234, "passed": true}, "25": {"execution_time": 0.6019980907440186, "passed": true}, "26": {"execution_time": 0.5191104412078857, "passed": true}, "27": {"execution_time": 0.6025300025939941, "passed": true}, "28": {"execution_time": 1.4929161071777344, "passed": true}, "29": {"execution_time": 0.2426471710205078, "passed": false}}}, "check_style_score": "0/1"}