{"version": "1", "message": "ERROR: Hidden Testcases server unreachable.", "problem_id": "ads2_m16_a1_1", "user_id": "akshitha111", "score": {"sample": {"0": {"execution_time": 1.09492826461792, "passed": true}, "1": {"execution_time": 0.517378568649292, "passed": true}, "2": {"execution_time": 0.9532516002655029, "passed": true}, "3": {"execution_time": 0.8611152172088623, "passed": true}, "4": {"execution_time": 0.6729476451873779, "passed": true}, "5": {"execution_time": 0.8670637607574463, "passed": true}, "6": {"execution_time": 0.8829350471496582, "passed": true}, "7": {"execution_time": 0.9073371887207031, "passed": true}, "8": {"execution_time": 0.5432097911834717, "passed": true}, "9": {"execution_time": 0.7713675498962402, "passed": true}, "10": {"execution_time": 0.6429023742675781, "passed": true}, "11": {"execution_time": 4.075714111328125, "passed": true}, "12": {"execution_time": 0.8321630954742432, "passed": true}, "13": {"execution_time": 0.6542282104492188, "passed": true}, "14": {"execution_time": 0.8030691146850586, "passed": true}, "15": {"execution_time": 0.7750866413116455, "passed": true}, "16": {"execution_time": 0.667349100112915, "passed": true}, "17": {"execution_time": 0.6350476741790771, "passed": true}, "18": {"execution_time": 0.5204706192016602, "passed": true}, "19": {"execution_time": 0.6664776802062988, "passed": true}, "20": {"execution_time": 0.629913330078125, "passed": true}, "21": {"execution_time": 0.3988628387451172, "passed": true}, "22": {"execution_time": 0.4504876136779785, "passed": true}, "23": {"execution_time": 0.6407604217529297, "passed": true}, "24": {"execution_time": 0.4078075885772705, "passed": true}, "25": {"execution_time": 0.7422215938568115, "passed": true}, "26": {"execution_time": 0.7657320499420166, "passed": true}, "27": {"execution_time": 0.8960781097412109, "passed": true}, "28": {"execution_time": 1.2460148334503174, "passed": true}, "29": {"execution_time": 0.550776481628418, "passed": true}}}, "check_style_score": "0/1"}