{"version": "1", "message": "ERROR: Hidden Testcases server unreachable.", "problem_id": "ads2_m16_a1_1", "user_id": "akshitha111", "score": {"sample": {"0": {"execution_time": 0.5284619331359863, "passed": true}, "1": {"execution_time": 0.677300214767456, "passed": true}, "2": {"execution_time": 1.16851806640625, "passed": true}, "3": {"execution_time": 1.1164469718933105, "passed": true}, "4": {"execution_time": 1.181518793106079, "passed": true}, "5": {"execution_time": 1.1482231616973877, "passed": true}, "6": {"execution_time": 0.9217548370361328, "passed": true}, "7": {"execution_time": 0.7201471328735352, "passed": true}, "8": {"execution_time": 0.5952081680297852, "passed": true}, "9": {"execution_time": 0.9298751354217529, "passed": true}, "10": {"execution_time": 0.7388076782226562, "passed": true}, "11": {"execution_time": 4.19161319732666, "passed": true}, "12": {"execution_time": 0.866826057434082, "passed": true}, "13": {"execution_time": 0.5863025188446045, "passed": true}, "14": {"execution_time": 0.906968355178833, "passed": true}, "15": {"execution_time": 0.6986615657806396, "passed": true}, "16": {"execution_time": 0.7627320289611816, "passed": true}, "17": {"execution_time": 0.48972582817077637, "passed": true}, "18": {"execution_time": 0.674889326095581, "passed": true}, "19": {"execution_time": 0.6503815650939941, "passed": true}, "20": {"execution_time": 0.4430389404296875, "passed": true}, "21": {"execution_time": 0.486163854598999, "passed": true}, "22": {"execution_time": 0.8542399406433105, "passed": true}, "23": {"execution_time": 0.5404140949249268, "passed": true}, "24": {"execution_time": 0.5198137760162354, "passed": true}, "25": {"execution_time": 1.2198071479797363, "passed": true}, "26": {"execution_time": 1.4719178676605225, "passed": true}, "27": {"execution_time": 1.1791493892669678, "passed": true}, "28": {"execution_time": 1.9876291751861572, "passed": true}, "29": {"execution_time": 0.6563844680786133, "passed": true}}}, "check_style_score": "0/1"}