{"version": "1", "message": "ERROR: Hidden Testcases server unreachable.", "problem_id": "ads2_m16_a1_1", "user_id": "akshitha111", "score": {"sample": {"0": {"execution_time": 0.6884069442749023, "passed": true}, "1": {"execution_time": 0.41667866706848145, "passed": true}, "2": {"execution_time": 1.7590556144714355, "passed": true}, "3": {"execution_time": 1.8608503341674805, "passed": true}, "4": {"execution_time": 2.3605315685272217, "passed": true}, "5": {"execution_time": 2.2424991130828857, "passed": true}, "6": {"execution_time": 1.7148103713989258, "passed": true}, "7": {"execution_time": 1.7944958209991455, "passed": true}, "8": {"execution_time": 0.8008389472961426, "passed": true}, "9": {"execution_time": 1.189917802810669, "passed": true}, "10": {"execution_time": 1.4018597602844238, "passed": true}, "11": {"execution_time": 4.727250099182129, "passed": true}, "12": {"execution_time": 2.363215446472168, "passed": true}, "13": {"execution_time": 0.6279091835021973, "passed": true}, "14": {"execution_time": 2.239898204803467, "passed": true}, "15": {"execution_time": 2.3328678607940674, "passed": true}, "16": {"execution_time": 0.3874177932739258, "passed": true}, "17": {"execution_time": 0.7712709903717041, "passed": true}, "18": {"execution_time": 0.5149044990539551, "passed": true}, "19": {"execution_time": 0.7840011119842529, "passed": true}, "20": {"execution_time": 0.7708916664123535, "passed": true}, "21": {"execution_time": 0.7180330753326416, "passed": true}, "22": {"execution_time": 0.7211666107177734, "passed": true}, "23": {"execution_time": 0.6697065830230713, "passed": true}, "24": {"execution_time": 0.5724682807922363, "passed": true}, "25": {"execution_time": 2.2409238815307617, "passed": true}, "26": {"execution_time": 1.6644039154052734, "passed": true}, "27": {"execution_time": 2.2749640941619873, "passed": true}, "28": {"execution_time": 3.3016550540924072, "passed": true}, "29": {"execution_time": 0.5185441970825195, "passed": true}}}, "check_style_score": "1/1"}