{"version": "1", "message": "ERROR: Hidden Testcases server unreachable.", "problem_id": "ads2_m16_a1_1", "user_id": "akshitha111", "score": {"sample": {"0": {"execution_time": 0.7573623657226562, "passed": false}, "1": {"execution_time": 0.5145699977874756, "passed": false}, "2": {"execution_time": 0.57421875, "passed": false}, "3": {"execution_time": 0.7407469749450684, "passed": false}, "4": {"execution_time": 0.590606689453125, "passed": false}, "5": {"execution_time": 0.6161813735961914, "passed": false}, "6": {"execution_time": 0.7186667919158936, "passed": false}, "7": {"execution_time": 0.6615810394287109, "passed": false}, "8": {"execution_time": 0.5667228698730469, "passed": false}, "9": {"execution_time": 0.5453262329101562, "passed": false}, "10": {"execution_time": 0.6729516983032227, "passed": false}, "11": {"execution_time": 0.6573946475982666, "passed": false}, "12": {"execution_time": 0.7282247543334961, "passed": false}, "13": {"execution_time": 0.29864048957824707, "passed": false}, "14": {"execution_time": 0.4943733215332031, "passed": false}, "15": {"execution_time": 0.62394118309021, "passed": false}, "16": {"execution_time": 0.4493274688720703, "passed": false}, "17": {"execution_time": 0.374631404876709, "passed": false}, "18": {"execution_time": 0.3006570339202881, "passed": false}, "19": {"execution_time": 0.3083212375640869, "passed": false}, "20": {"execution_time": 0.4313938617706299, "passed": false}, "21": {"execution_time": 0.46123576164245605, "passed": false}, "22": {"execution_time": 0.6576182842254639, "passed": false}, "23": {"execution_time": 0.4962501525878906, "passed": false}, "24": {"execution_time": 2.380171298980713, "passed": true}, "25": {"execution_time": 0.7521846294403076, "passed": false}, "26": {"execution_time": 0.7165217399597168, "passed": false}, "27": {"execution_time": 0.9663941860198975, "passed": false}, "28": {"execution_time": 0.8848381042480469, "passed": false}, "29": {"execution_time": 0.7259202003479004, "passed": false}}}, "check_style_score": "0/1"}