{"version": "1", "message": "ERROR: Hidden Testcases server unreachable.", "problem_id": "ads2_m16_a1_1", "user_id": "akshitha111", "score": {"sample": {"0": {"execution_time": 0.5597341060638428, "passed": true}, "1": {"execution_time": 0.5068461894989014, "passed": true}, "2": {"execution_time": 1.325178623199463, "passed": true}, "3": {"execution_time": 1.2230937480926514, "passed": true}, "4": {"execution_time": 1.2011425495147705, "passed": true}, "5": {"execution_time": 1.328920602798462, "passed": true}, "6": {"execution_time": 1.2139835357666016, "passed": true}, "7": {"execution_time": 1.3085346221923828, "passed": true}, "8": {"execution_time": 0.6353926658630371, "passed": true}, "9": {"execution_time": 1.4472506046295166, "passed": true}, "10": {"execution_time": 1.3735778331756592, "passed": true}, "11": {"execution_time": 4.059988260269165, "passed": true}, "12": {"execution_time": 1.2020175457000732, "passed": true}, "13": {"execution_time": 0.5233941078186035, "passed": true}, "14": {"execution_time": 1.344238519668579, "passed": true}, "15": {"execution_time": 1.487654209136963, "passed": true}, "16": {"execution_time": 0.53165602684021, "passed": true}, "17": {"execution_time": 0.5635478496551514, "passed": true}, "18": {"execution_time": 0.5606205463409424, "passed": true}, "19": {"execution_time": 0.6338427066802979, "passed": true}, "20": {"execution_time": 0.6087722778320312, "passed": true}, "21": {"execution_time": 0.5931820869445801, "passed": true}, "22": {"execution_time": 0.6145336627960205, "passed": true}, "23": {"execution_time": 0.6273288726806641, "passed": true}, "24": {"execution_time": 0.4483189582824707, "passed": true}, "25": {"execution_time": 2.0948145389556885, "passed": true}, "26": {"execution_time": 1.47469162940979, "passed": true}, "27": {"execution_time": 1.9003551006317139, "passed": true}, "28": {"execution_time": 3.1421115398406982, "passed": true}, "29": {"execution_time": 0.5236670970916748, "passed": true}}}, "check_style_score": "1/1"}