{"version": "1", "message": "ERROR: Hidden Testcases server unreachable.", "problem_id": "ads2_m16_a1_1", "user_id": "akshitha111", "score": {"sample": {"0": {"execution_time": 0.8337488174438477, "passed": true}, "1": {"execution_time": 0.6357104778289795, "passed": true}, "2": {"execution_time": 2.302155017852783, "passed": true}, "3": {"execution_time": 2.0987560749053955, "passed": true}, "4": {"execution_time": 2.3055355548858643, "passed": true}, "5": {"execution_time": 2.307875156402588, "passed": true}, "6": {"execution_time": 1.8906404972076416, "passed": true}, "7": {"execution_time": 1.5138320922851562, "passed": true}, "8": {"execution_time": 0.5777599811553955, "passed": true}, "9": {"execution_time": 1.309330940246582, "passed": true}, "10": {"execution_time": 1.2226488590240479, "passed": true}, "11": {"execution_time": 3.9966721534729004, "passed": true}, "12": {"execution_time": 1.304431438446045, "passed": true}, "13": {"execution_time": 0.5227632522583008, "passed": true}, "14": {"execution_time": 1.2613565921783447, "passed": true}, "15": {"execution_time": 1.3550972938537598, "passed": true}, "16": {"execution_time": 0.7306790351867676, "passed": true}, "17": {"execution_time": 0.4580385684967041, "passed": true}, "18": {"execution_time": 0.49667954444885254, "passed": true}, "19": {"execution_time": 0.5251805782318115, "passed": true}, "20": {"execution_time": 0.5233092308044434, "passed": true}, "21": {"execution_time": 0.510822057723999, "passed": true}, "22": {"execution_time": 0.6579785346984863, "passed": true}, "23": {"execution_time": 0.5443174839019775, "passed": true}, "24": {"execution_time": 0.3742496967315674, "passed": true}, "25": {"execution_time": 1.3618955612182617, "passed": true}, "26": {"execution_time": 1.060669183731079, "passed": true}, "27": {"execution_time": 1.2653086185455322, "passed": true}, "28": {"execution_time": 2.1572248935699463, "passed": true}, "29": {"execution_time": 0.7295224666595459, "passed": true}}}, "check_style_score": "1/1"}